{
	"info": {
		"_postman_id": "617d2133-8c7f-4f85-8b9b-bdae3b61a463",
		"name": "CMA.StreamerFeed.REST",
		"schema": "https://schema.getpostman.com/json/collection/v2.1.0/collection.json"
	},
	"item": [
		{
			"name": "Authenticate",
			"event": [
				{
					"listen": "test",
					"script": {
						"exec": [
							"pm.test(\"Response has correct body\", function() {\r",
							"    var jsonData = pm.response.json();\r",
							"    pm.environment.set(\"token\", jsonData.token);\r",
							"});\r",
							""
						],
						"type": "text/javascript"
					}
				}
			],
			"request": {
				"method": "POST",
				"header": [],
				"body": {
					"mode": "raw",
					"raw": "{\n    \"InstanceName\": \"Teste-REST-V2\",\n    \"AcceptorUrl\": \"http://devwebfrontendstr.cma.com.br:9080/acceptor\",\n    \"CustomerId\": \"\",\n    \"DomainId\": \"streamerfeedapi\",\n    \"User\": \"CTRT01\",\n    \"Password\": \"1qaz\",\n    \"Service\": \"m\"\n}",
					"options": {
						"raw": {
							"language": "json"
						}
					}
				},
				"url": {
					"raw": "http://localhost:8083/Authenticate",
					"protocol": "http",
					"host": [
						"localhost"
					],
					"port": "8083",
					"path": [
						"Authenticate"
					]
				}
			},
			"response": []
		},
		{
			"name": "Quotes",
			"request": {
				"auth": {
					"type": "bearer",
					"bearer": [
						{
							"key": "token",
							"value": "{{token}}",
							"type": "string"
						}
					]
				},
				"method": "POST",
				"header": [],
				"body": {
					"mode": "raw",
					"raw": "[\n   {\n      \"SourceId\": \"12\",\n      \"SymbolID\": \"ITSA4\",\n      \"ClientMneMD\": \"00001\",\n      \"Referer\": \"Quotes-001\",\n      \"EnableTrace\": false\n   } \n]\n",
					"options": {
						"raw": {
							"language": "json"
						}
					}
				},
				"url": {
					"raw": "http://localhost:8083/Quotes",
					"protocol": "http",
					"host": [
						"localhost"
					],
					"port": "8083",
					"path": [
						"Quotes"
					]
				}
			},
			"response": []
		},
		{
			"name": "Quotes HTML",
			"request": {
				"auth": {
					"type": "bearer",
					"bearer": [
						{
							"key": "token",
							"value": "{{token}}",
							"type": "string"
						}
					]
				},
				"method": "POST",
				"header": [],
				"body": {
					"mode": "raw",
					"raw": "[\n   {\n      \"SourceId\": \"12\",\n      \"SymbolID\": \"PETR4\",\n      \"ClientMneMD\": \"00001\",\n      \"Referer\": \"Quotes-002\",\n      \"EnableTrace\": false\n   }\n]\n",
					"options": {
						"raw": {
							"language": "json"
						}
					}
				},
				"url": {
					"raw": "http://localhost:8083/Quotes/xml",
					"protocol": "http",
					"host": [
						"localhost"
					],
					"port": "8083",
					"path": [
						"Quotes",
						"xml"
					]
				}
			},
			"response": []
		},
		{
			"name": "Quotes CSV",
			"request": {
				"auth": {
					"type": "bearer",
					"bearer": [
						{
							"key": "token",
							"value": "{{token}}",
							"type": "string"
						}
					]
				},
				"method": "POST",
				"header": [],
				"body": {
					"mode": "raw",
					"raw": "[\n   {\n      \"SourceId\": \"12\",\n      \"SymbolID\": \"PETR4\",\n      \"ClientMneMD\": \"00001\",\n      \"Referer\": \"Quotes-003\",\n      \"EnableTrace\": false\n   }\n]\n",
					"options": {
						"raw": {
							"language": "json"
						}
					}
				},
				"url": {
					"raw": "http://localhost:8083/Quotes/csv/template-csv-cotacao",
					"protocol": "http",
					"host": [
						"localhost"
					],
					"port": "8083",
					"path": [
						"Quotes",
						"csv",
						"template-csv-cotacao"
					]
				}
			},
			"response": []
		},
		{
			"name": "Quotes TXT",
			"request": {
				"auth": {
					"type": "bearer",
					"bearer": [
						{
							"key": "token",
							"value": "{{token}}",
							"type": "string"
						}
					]
				},
				"method": "POST",
				"header": [],
				"body": {
					"mode": "raw",
					"raw": "[\n   {\n      \"SourceId\": \"12\",\n      \"SymbolID\": \"PETR4\",\n      \"ClientMneMD\": \"00001\",\n      \"Referer\": \"Quotes-004\",\n      \"EnableTrace\": false\n   }\n]\n",
					"options": {
						"raw": {
							"language": "json"
						}
					}
				},
				"url": {
					"raw": "http://localhost:8083/Quotes/txt/template-txt-cotacao",
					"protocol": "http",
					"host": [
						"localhost"
					],
					"port": "8083",
					"path": [
						"Quotes",
						"txt",
						"template-txt-cotacao"
					]
				}
			},
			"response": []
		},
		{
			"name": "Symbol",
			"request": {
				"auth": {
					"type": "bearer",
					"bearer": [
						{
							"key": "token",
							"value": "{{token}}",
							"type": "string"
						}
					]
				},
				"method": "POST",
				"header": [],
				"body": {
					"mode": "raw",
					"raw": "{\n   \"SourceId\": \"12\",\n   \"SymbolID\": \"PETR\",\n   \"Description\": \"\",\n   \"Market\": \"\",\n   \"Referer\": \"Symbol-001\",\n   \"EnableTrace\": false\n}",
					"options": {
						"raw": {
							"language": "json"
						}
					}
				},
				"url": {
					"raw": "http://localhost:8083/Symbol",
					"protocol": "http",
					"host": [
						"localhost"
					],
					"port": "8083",
					"path": [
						"Symbol"
					]
				}
			},
			"response": []
		},
		{
			"name": "Book",
			"request": {
				"auth": {
					"type": "bearer",
					"bearer": [
						{
							"key": "token",
							"value": "{{token}}",
							"type": "string"
						}
					]
				},
				"method": "POST",
				"header": [],
				"body": {
					"mode": "raw",
					"raw": "{\n   \"SourceId\": \"12\",\n   \"SymbolID\": \"PETR4\",\n   \"Consolidate\": false,\n   \"Deep\": \"10\",\n   \"ClientMneMD\": \"00001\",\n   \"Referer\": \"Book-001\",\n   \"EnableTrace\": false\n}\n",
					"options": {
						"raw": {
							"language": "json"
						}
					}
				},
				"url": {
					"raw": "http://localhost:8083/Book",
					"protocol": "http",
					"host": [
						"localhost"
					],
					"port": "8083",
					"path": [
						"Book"
					]
				}
			},
			"response": []
		},
		{
			"name": "HistoricalData",
			"request": {
				"auth": {
					"type": "bearer",
					"bearer": [
						{
							"key": "token",
							"value": "{{token}}",
							"type": "string"
						}
					]
				},
				"method": "POST",
				"header": [],
				"body": {
					"mode": "raw",
					"raw": "{\n   \"SourceID\": \"12\",\n   \"SymbolID\": \"PETR4\",\n   \"Period\": \"1d\",\n   \"DateFrom\": \"2021-06-07\",\n   \"DateTo\": \"2021-07-07\",\n   \"ClientMneMD\": \"00001\",\n   \"Referer\": \"HistoricalData-001\",\n   \"EnableTrace\": false\n}",
					"options": {
						"raw": {
							"language": "json"
						}
					}
				},
				"url": {
					"raw": "http://localhost:8083/HistoricalData",
					"protocol": "http",
					"host": [
						"localhost"
					],
					"port": "8083",
					"path": [
						"HistoricalData"
					]
				}
			},
			"response": []
		},
		{
			"name": "News",
			"request": {
				"auth": {
					"type": "bearer",
					"bearer": [
						{
							"key": "token",
							"value": "{{token}}",
							"type": "string"
						}
					]
				},
				"method": "POST",
				"header": [],
				"body": {
					"mode": "raw",
					"raw": "{\n   \"SourceId\": 12,\n   \"Quantity\": 10,\n   \"ImportantFilter\": false,\n   \"DateFilter\": \"2021-07-07\",\n   \"TextFilter\": \"\",\n   \"SubjectFilter\": \"\",\n   \"ClientMneMD\": \"00001\",\n   \"Referer\": \"News-001\",\n   \"EnableTrace\": false\n}\n",
					"options": {
						"raw": {
							"language": "json"
						}
					}
				},
				"url": {
					"raw": "http://localhost:8083/News",
					"protocol": "http",
					"host": [
						"localhost"
					],
					"port": "8083",
					"path": [
						"News"
					]
				}
			},
			"response": []
		},
		{
			"name": "NewsBody",
			"request": {
				"auth": {
					"type": "bearer",
					"bearer": [
						{
							"key": "token",
							"value": "{{token}}",
							"type": "string"
						}
					]
				},
				"method": "POST",
				"header": [],
				"body": {
					"mode": "raw",
					"raw": "{\n   \"SourceId\": 12,\n   \"Key\": \"120702731\",\n   \"Sequence\": \"\",\n   \"Date\": \"\",\n   \"ClientMneMD\": \"00001\",\n   \"Referer\": \"NewsBody-001\",\n   \"EnableTrace\": false\n}\n",
					"options": {
						"raw": {
							"language": "json"
						}
					}
				},
				"url": {
					"raw": "http://localhost:8083/News/Body",
					"protocol": "http",
					"host": [
						"localhost"
					],
					"port": "8083",
					"path": [
						"News",
						"Body"
					]
				}
			},
			"response": []
		},
		{
			"name": "HighLights",
			"request": {
				"auth": {
					"type": "bearer",
					"bearer": [
						{
							"key": "token",
							"value": "{{token}}",
							"type": "string"
						}
					]
				},
				"method": "POST",
				"header": [],
				"body": {
					"mode": "raw",
					"raw": "{\n   \"Kind\": 6,\n   \"Source\": 12,\n   \"Symbol\": \"\",\n   \"Market\": \"\",\n   \"Broker\": \"\",\n   \"Max\": \"10\",\n   \"SortingType\": 1,\n   \"DateFrom\": \"\",\n   \"DateTo\": \"\",\n   \"Numerical\": false,\n   \"Version\": 1,\n   \"ClientMneMD\": \"00001\",\n   \"Referer\": \"HighLights-001\",\n   \"EnableTrace\": false\n}",
					"options": {
						"raw": {
							"language": "json"
						}
					}
				},
				"url": {
					"raw": "http://localhost:8083/HighLights",
					"protocol": "http",
					"host": [
						"localhost"
					],
					"port": "8083",
					"path": [
						"HighLights"
					]
				}
			},
			"response": []
		}
	]
}