{
	"info": {
		"_postman_id": "617d2133-8c7f-4f85-8b9b-bdae3b61a463",
		"name": "CMA.StreamerFeed.REST",
		"schema": "https://schema.getpostman.com/json/collection/v2.1.0/collection.json"
	},
	"item": [
		{
			"name": "Authenticate",
			"event": [
				{
					"listen": "test",
					"script": {
						"exec": [
							"pm.test(\"Response has correct body\", function() {\r",
							"    var jsonData = pm.response.json();\r",
							"    pm.environment.set(\"token\", jsonData.token);\r",
							"});\r",
							""
						],
						"type": "text/javascript"
					}
				}
			],
			"request": {
				"method": "POST",
				"header": [],
				"body": {
					"mode": "raw",
					"raw": "{\n    \"InstanceName\": \"Teste-REST-V2\",\n    \"AcceptorUrl\": \"http://devwebfrontendstr.cma.com.br:9080/acceptor\",\n    \"CustomerId\": \"\",\n    \"DomainId\": \"streamerfeedapi\",\n    \"User\": \"xyz\",\n    \"Password\": \"123\",\n    \"Service\": \"o\"\n}",
					"options": {
						"raw": {
							"language": "json"
						}
					}
				},
				"url": {
					"raw": "https://localhost:5001/Authenticate",
					"protocol": "https",
					"host": [
						"localhost"
					],
					"port": "5001",
					"path": [
						"Authenticate"
					]
				}
			},
			"response": []
		},
		{
			"name": "Quotes JSON",
			"request": {
				"auth": {
					"type": "bearer",
					"bearer": [
						{
							"key": "token",
							"value": "{{token}}",
							"type": "string"
						}
					]
				},
				"method": "POST",
				"header": [],
				"body": {
					"mode": "raw",
					"raw": "[\n   {\n      \"SourceId\": \"12\",\n      \"SymbolID\": \"PETR4\",\n      \"ClientMneMD\": \"00001\",\n      \"Referer\": \"Quotes-001\",\n      \"EnableTrace\": false\n   } \n]\n",
					"options": {
						"raw": {
							"language": "json"
						}
					}
				},
				"url": {
					"raw": "https://localhost:5001/Quotes",
					"protocol": "https",
					"host": [
						"localhost"
					],
					"port": "5001",
					"path": [
						"Quotes"
					]
				}
			},
			"response": []
		},
		{
			"name": "Quotes XML",
			"request": {
				"auth": {
					"type": "bearer",
					"bearer": [
						{
							"key": "token",
							"value": "{{token}}",
							"type": "string"
						}
					]
				},
				"method": "POST",
				"header": [],
				"body": {
					"mode": "raw",
					"raw": "[\n   {\n      \"SourceId\": \"12\",\n      \"SymbolID\": \"PETR4\",\n      \"ClientMneMD\": \"00001\",\n      \"Referer\": \"Quotes-001\",\n      \"EnableTrace\": false\n   } \n]\n",
					"options": {
						"raw": {
							"language": "json"
						}
					}
				},
				"url": {
					"raw": "https://localhost:5001/Quotes/xml",
					"protocol": "https",
					"host": [
						"localhost"
					],
					"port": "5001",
					"path": [
						"Quotes",
						"xml"
					]
				}
			},
			"response": []
		},
		{
			"name": "Quotes HTML",
			"request": {
				"auth": {
					"type": "bearer",
					"bearer": [
						{
							"key": "token",
							"value": "{{token}}",
							"type": "string"
						}
					]
				},
				"method": "POST",
				"header": [],
				"body": {
					"mode": "raw",
					"raw": "[\n   {\n      \"SourceId\": \"12\",\n      \"SymbolID\": \"PETR4\",\n      \"ClientMneMD\": \"00001\",\n      \"Referer\": \"Quotes-001\",\n      \"EnableTrace\": false\n   } \n]\n",
					"options": {
						"raw": {
							"language": "json"
						}
					}
				},
				"url": {
					"raw": "https://localhost:5001/Quotes/html",
					"protocol": "https",
					"host": [
						"localhost"
					],
					"port": "5001",
					"path": [
						"Quotes",
						"html"
					]
				}
			},
			"response": []
		},
		{
			"name": "Quotes CSV",
			"request": {
				"auth": {
					"type": "bearer",
					"bearer": [
						{
							"key": "token",
							"value": "{{token}}",
							"type": "string"
						}
					]
				},
				"method": "POST",
				"header": [],
				"body": {
					"mode": "raw",
					"raw": "[\n   {\n      \"SourceId\": \"12\",\n      \"SymbolID\": \"PETR4\",\n      \"ClientMneMD\": \"00001\",\n      \"Referer\": \"Quotes-001\",\n      \"EnableTrace\": false\n   } \n]\n",
					"options": {
						"raw": {
							"language": "json"
						}
					}
				},
				"url": {
					"raw": "https://localhost:5001/Quotes/csv",
					"protocol": "https",
					"host": [
						"localhost"
					],
					"port": "5001",
					"path": [
						"Quotes",
						"csv"
					]
				}
			},
			"response": []
		},
		{
			"name": "Quotes TXT",
			"request": {
				"auth": {
					"type": "bearer",
					"bearer": [
						{
							"key": "token",
							"value": "{{token}}",
							"type": "string"
						}
					]
				},
				"method": "POST",
				"header": [],
				"body": {
					"mode": "raw",
					"raw": "[\n   {\n      \"SourceId\": \"12\",\n      \"SymbolID\": \"PETR4\",\n      \"ClientMneMD\": \"00001\",\n      \"Referer\": \"Quotes-001\",\n      \"EnableTrace\": false\n   } \n]\n",
					"options": {
						"raw": {
							"language": "json"
						}
					}
				},
				"url": {
					"raw": "https://localhost:5001/Quotes/txt",
					"protocol": "https",
					"host": [
						"localhost"
					],
					"port": "5001",
					"path": [
						"Quotes",
						"txt"
					]
				}
			},
			"response": []
		},
		{
			"name": "Quotes XML Template",
			"request": {
				"auth": {
					"type": "bearer",
					"bearer": [
						{
							"key": "token",
							"value": "{{token}}",
							"type": "string"
						}
					]
				},
				"method": "POST",
				"header": [],
				"body": {
					"mode": "raw",
					"raw": "[\n   {\n      \"SourceId\": \"12\",\n      \"SymbolID\": \"PETR4\",\n      \"ClientMneMD\": \"00001\",\n      \"Referer\": \"Quotes-002\",\n      \"EnableTrace\": false\n   }\n]\n",
					"options": {
						"raw": {
							"language": "json"
						}
					}
				},
				"url": {
					"raw": "https://localhost:5001/Quotes/html/template-html-cotacao",
					"protocol": "https",
					"host": [
						"localhost"
					],
					"port": "5001",
					"path": [
						"Quotes",
						"html",
						"template-html-cotacao"
					]
				}
			},
			"response": []
		},
		{
			"name": "Quotes HTML Template",
			"request": {
				"auth": {
					"type": "bearer",
					"bearer": [
						{
							"key": "token",
							"value": "{{token}}",
							"type": "string"
						}
					]
				},
				"method": "POST",
				"header": [],
				"body": {
					"mode": "raw",
					"raw": "[\n   {\n      \"SourceId\": \"12\",\n      \"SymbolID\": \"PETR4\",\n      \"ClientMneMD\": \"00001\",\n      \"Referer\": \"Quotes-002\",\n      \"EnableTrace\": false\n   }\n]\n",
					"options": {
						"raw": {
							"language": "json"
						}
					}
				},
				"url": {
					"raw": "https://localhost:5001/Quotes/html/template-html-cotacao",
					"protocol": "https",
					"host": [
						"localhost"
					],
					"port": "5001",
					"path": [
						"Quotes",
						"html",
						"template-html-cotacao"
					]
				}
			},
			"response": []
		},
		{
			"name": "Quotes CSV Template",
			"request": {
				"auth": {
					"type": "bearer",
					"bearer": [
						{
							"key": "token",
							"value": "{{token}}",
							"type": "string"
						}
					]
				},
				"method": "POST",
				"header": [],
				"body": {
					"mode": "raw",
					"raw": "[\n   {\n      \"SourceId\": \"12\",\n      \"SymbolID\": \"PETR4\",\n      \"ClientMneMD\": \"00001\",\n      \"Referer\": \"Quotes-003\",\n      \"EnableTrace\": false\n   }\n]\n",
					"options": {
						"raw": {
							"language": "json"
						}
					}
				},
				"url": {
					"raw": "https://localhost:5001/Quotes/csv/template-csv-cotacao",
					"protocol": "https",
					"host": [
						"localhost"
					],
					"port": "5001",
					"path": [
						"Quotes",
						"csv",
						"template-csv-cotacao"
					]
				}
			},
			"response": []
		},
		{
			"name": "Quotes TXT Template",
			"request": {
				"auth": {
					"type": "bearer",
					"bearer": [
						{
							"key": "token",
							"value": "{{token}}",
							"type": "string"
						}
					]
				},
				"method": "POST",
				"header": [],
				"body": {
					"mode": "raw",
					"raw": "[\n   {\n      \"SourceId\": \"12\",\n      \"SymbolID\": \"PETR4\",\n      \"ClientMneMD\": \"00001\",\n      \"Referer\": \"Quotes-004\",\n      \"EnableTrace\": false\n   }\n]\n",
					"options": {
						"raw": {
							"language": "json"
						}
					}
				},
				"url": {
					"raw": "https://localhost:5001/Quotes/txt/template-txt-cotacao",
					"protocol": "https",
					"host": [
						"localhost"
					],
					"port": "5001",
					"path": [
						"Quotes",
						"txt",
						"template-txt-cotacao"
					]
				}
			},
			"response": []
		},
		{
			"name": "Symbol",
			"request": {
				"auth": {
					"type": "bearer",
					"bearer": [
						{
							"key": "token",
							"value": "{{token}}",
							"type": "string"
						}
					]
				},
				"method": "POST",
				"header": [],
				"body": {
					"mode": "raw",
					"raw": "{\n   \"SourceId\": \"12\",\n   \"SymbolID\": \"PETR\",\n   \"Description\": \"\",\n   \"Market\": \"\",\n   \"Referer\": \"Symbol-001\",\n   \"EnableTrace\": false\n}",
					"options": {
						"raw": {
							"language": "json"
						}
					}
				},
				"url": {
					"raw": "https://localhost:5001/Symbol",
					"protocol": "https",
					"host": [
						"localhost"
					],
					"port": "5001",
					"path": [
						"Symbol"
					]
				}
			},
			"response": []
		},
		{
			"name": "Book",
			"request": {
				"auth": {
					"type": "bearer",
					"bearer": [
						{
							"key": "token",
							"value": "{{token}}",
							"type": "string"
						}
					]
				},
				"method": "POST",
				"header": [],
				"body": {
					"mode": "raw",
					"raw": "{\n   \"SourceId\": \"12\",\n   \"SymbolID\": \"PETR4\",\n   \"Consolidate\": false,\n   \"Deep\": \"10\",\n   \"ClientMneMD\": \"00001\",\n   \"Referer\": \"Book-001\",\n   \"EnableTrace\": false\n}\n",
					"options": {
						"raw": {
							"language": "json"
						}
					}
				},
				"url": {
					"raw": "https://localhost:5001/Book",
					"protocol": "https",
					"host": [
						"localhost"
					],
					"port": "5001",
					"path": [
						"Book"
					]
				}
			},
			"response": []
		},
		{
			"name": "HistoricalData",
			"request": {
				"auth": {
					"type": "bearer",
					"bearer": [
						{
							"key": "token",
							"value": "{{token}}",
							"type": "string"
						}
					]
				},
				"method": "POST",
				"header": [],
				"body": {
					"mode": "raw",
					"raw": "{\n   \"SourceID\": \"12\",\n   \"SymbolID\": \"PETR4\",\n   \"Period\": \"1d\",\n   \"DateFrom\": \"2022-04-01\",\n   \"DateTo\": \"2022-04-08\",\n   \"ClientMneMD\": \"00001\",\n   \"Referer\": \"HistoricalData-001\",\n   \"EnableTrace\": false\n}",
					"options": {
						"raw": {
							"language": "json"
						}
					}
				},
				"url": {
					"raw": "https://localhost:5001/HistoricalData",
					"protocol": "https",
					"host": [
						"localhost"
					],
					"port": "5001",
					"path": [
						"HistoricalData"
					]
				}
			},
			"response": []
		},
		{
			"name": "News",
			"request": {
				"auth": {
					"type": "bearer",
					"bearer": [
						{
							"key": "token",
							"value": "{{token}}",
							"type": "string"
						}
					]
				},
				"method": "POST",
				"header": [],
				"body": {
					"mode": "raw",
					"raw": "{\n   \"SourceId\": 12,\n   \"Quantity\": 10,\n   \"ImportantFilter\": false,\n   \"DateFilter\": \"2022-04-08\",\n   \"TextFilter\": \"\",\n   \"SubjectFilter\": \"\",\n   \"ClientMneMD\": \"00001\",\n   \"Referer\": \"News-001\",\n   \"EnableTrace\": false\n}\n",
					"options": {
						"raw": {
							"language": "json"
						}
					}
				},
				"url": {
					"raw": "https://localhost:5001/News",
					"protocol": "https",
					"host": [
						"localhost"
					],
					"port": "5001",
					"path": [
						"News"
					]
				}
			},
			"response": []
		},
		{
			"name": "NewsBody",
			"request": {
				"auth": {
					"type": "bearer",
					"bearer": [
						{
							"key": "token",
							"value": "{{token}}",
							"type": "string"
						}
					]
				},
				"method": "POST",
				"header": [],
				"body": {
					"mode": "raw",
					"raw": "{\n   \"SourceId\": 12,\n   \"Key\": \"120802128\",\n   \"Sequence\": \"\",\n   \"Date\": \"\",\n   \"ClientMneMD\": \"00001\",\n   \"Referer\": \"NewsBody-001\",\n   \"EnableTrace\": false\n}\n",
					"options": {
						"raw": {
							"language": "json"
						}
					}
				},
				"url": {
					"raw": "https://localhost:5001/News/Body",
					"protocol": "https",
					"host": [
						"localhost"
					],
					"port": "5001",
					"path": [
						"News",
						"Body"
					]
				}
			},
			"response": []
		},
		{
			"name": "HighLights",
			"request": {
				"auth": {
					"type": "bearer",
					"bearer": [
						{
							"key": "token",
							"value": "{{token}}",
							"type": "string"
						}
					]
				},
				"method": "POST",
				"header": [],
				"body": {
					"mode": "raw",
					"raw": "{\n   \"Kind\": 6,\n   \"Source\": 12,\n   \"Symbol\": \"\",\n   \"Market\": \"\",\n   \"Broker\": \"\",\n   \"Max\": \"10\",\n   \"SortingType\": 1,\n   \"DateFrom\": \"\",\n   \"DateTo\": \"\",\n   \"Numerical\": false,\n   \"Version\": 1,\n   \"ClientMneMD\": \"00001\",\n   \"Referer\": \"HighLights-001\",\n   \"EnableTrace\": false\n}",
					"options": {
						"raw": {
							"language": "json"
						}
					}
				},
				"url": {
					"raw": "https://localhost:5001/HighLights",
					"protocol": "https",
					"host": [
						"localhost"
					],
					"port": "5001",
					"path": [
						"HighLights"
					]
				}
			},
			"response": []
		},
		{
			"name": "OrderSingle",
			"request": {
				"auth": {
					"type": "bearer",
					"bearer": [
						{
							"key": "token",
							"value": "{{token}}",
							"type": "string"
						}
					]
				},
				"method": "POST",
				"header": [],
				"body": {
					"mode": "raw",
					"raw": "{\n    \"UserId\": {\"UserMne\": \"00001\"},\n    \"Symbol\": \"PETR4\",\n    \"Side\": \"B\",\n    \"Qtty\": \"100\",\n    \"Price\": \"32.51\",\n    \"TypeOffer\": \"Limit\",\n    \"TriggerType\": \"None\",\n    \"ValidityType\": \"Today\",\n    \"Validity\": \"2022-04-08\",\n    \"TypeMarket\": \"12010\",\n    \"Confirmation\": false,\n    \"PlaceDateType\": \"Today\",\n    \"QuotesLastPrice\": \"32.59\",\n    \"QuotesTime\": \"10:00:00\",\n    \"IpRemote\": \"10.10.14.100\",\n    \"HostName\": \"SPO-DEV73\"\n}\n",
					"options": {
						"raw": {
							"language": "json"
						}
					}
				},
				"url": {
					"raw": "https://localhost:5001/OrderSingle",
					"protocol": "https",
					"host": [
						"localhost"
					],
					"port": "5001",
					"path": [
						"OrderSingle"
					]
				}
			},
			"response": []
		},
		{
			"name": "OrderReplace",
			"request": {
				"auth": {
					"type": "bearer",
					"bearer": [
						{
							"key": "token",
							"value": "{{token}}",
							"type": "string"
						}
					]
				},
				"method": "POST",
				"header": [],
				"body": {
					"mode": "raw",
					"raw": "{\n    \"UserId\": {\"UserMne\": \"00001\"},\n    \"OfferId\": \"17202\",\n    \"OriginalQtty\": \"100\",\n    \"Qtty\": \"200\",\n    \"Price\": \"32.52\",\n    \"TypeOffer\": \"Limit\",\n    \"Confirmation\": false,\n    \"QuotesLastPrice\": \"32.59\",\n    \"QuotesTime\": \"10:00:00\",\n    \"IpRemote\": \"10.10.14.100\",\n    \"HostName\": \"SPO-DEV73\"\n}\n",
					"options": {
						"raw": {
							"language": "json"
						}
					}
				},
				"url": {
					"raw": "https://localhost:5001/OrderReplace",
					"protocol": "https",
					"host": [
						"localhost"
					],
					"port": "5001",
					"path": [
						"OrderReplace"
					]
				}
			},
			"response": []
		},
		{
			"name": "OrderCancel",
			"request": {
				"auth": {
					"type": "bearer",
					"bearer": [
						{
							"key": "token",
							"value": "{{token}}",
							"type": "string"
						}
					]
				},
				"method": "POST",
				"header": [],
				"body": {
					"mode": "raw",
					"raw": "{\n    \"UserId\": {\"UserMne\": \"00001\"},\n    \"OfferId\": \"17202\",\n    \"IpRemote\": \"10.10.14.100\",\n    \"HostName\": \"SPO-DEV73\"\n}\n",
					"options": {
						"raw": {
							"language": "json"
						}
					}
				},
				"url": {
					"raw": "https://localhost:5001/OrderCancel",
					"protocol": "https",
					"host": [
						"localhost"
					],
					"port": "5001",
					"path": [
						"OrderCancel"
					]
				}
			},
			"response": []
		},
		{
			"name": "OrderList",
			"request": {
				"auth": {
					"type": "bearer",
					"bearer": [
						{
							"key": "token",
							"value": "{{token}}",
							"type": "string"
						}
					]
				},
				"method": "POST",
				"header": [],
				"body": {
					"mode": "raw",
					"raw": "{\n    \"ClientMneFilter\": \"00001\",\n    \"ListType\": \"G\",\n    \"DaysToList\": \"1\",\n    \"OfferStatusFilter\": \"\",\n    \"SearchHistory\": false,\n    \"OnlySelectedClients\": \"0\"\n}\n",
					"options": {
						"raw": {
							"language": "json"
						}
					}
				},
				"url": {
					"raw": "https://localhost:5001/OrderList",
					"protocol": "https",
					"host": [
						"localhost"
					],
					"port": "5001",
					"path": [
						"OrderList"
					]
				}
			},
			"response": []
		},
		{
			"name": "Portfolio",
			"request": {
				"auth": {
					"type": "bearer",
					"bearer": [
						{
							"key": "token",
							"value": "{{token}}",
							"type": "string"
						}
					]
				},
				"method": "POST",
				"header": [],
				"body": {
					"mode": "raw",
					"raw": "{\n    \"UserId\": {\"UserMne\": \"00001\"},\n    \"PortfolioType\": \"2\"\n}\n",
					"options": {
						"raw": {
							"language": "json"
						}
					}
				},
				"url": {
					"raw": "https://localhost:5001/Portfolio",
					"protocol": "https",
					"host": [
						"localhost"
					],
					"port": "5001",
					"path": [
						"Portfolio"
					]
				}
			},
			"response": []
		}
	]
}